,city_name,latitude,longitude,max temp,humidity,cloudiness,wind speed,country,date
0,Ushuaia,-54.8,-68.3,48.2,81.0,20.0,5.75,AR,1617073417.0
2,Thompson,55.7435,-97.8558,6.8,78.0,90.0,27.63,CA,1617073598.0
3,Butaritari,3.0707,172.7902,81.66,78.0,61.0,16.44,KI,1617073598.0
4,Busselton,-33.65,115.3333,81.0,64.0,20.0,3.0,AU,1617073599.0
6,Mataura,-46.1927,168.8643,64.0,77.0,99.0,3.0,NZ,1617073599.0
7,Punta Arenas,-53.15,-70.9167,46.4,93.0,75.0,2.3,CL,1617073582.0
8,Barrow,71.2906,-156.7887,-2.2,71.0,1.0,27.63,US,1617073600.0
9,Mar del Plata,-38.0023,-57.5575,62.01,93.0,20.0,6.42,AR,1617073371.0
10,Bluff,-46.6,168.3333,64.0,77.0,95.0,3.0,NZ,1617073600.0
11,Jamestown,42.097,-79.2353,35.6,60.0,1.0,6.55,US,1617073434.0
12,Kahului,20.8947,-156.47,78.8,69.0,40.0,12.66,US,1617073601.0
13,Kutum,14.2,24.6667,58.5,13.0,0.0,9.46,SD,1617073601.0
14,High Prairie,55.4334,-116.4858,21.2,49.0,12.0,6.91,CA,1617073513.0
15,Puerto Ayora,-0.7393,-90.3518,78.01,89.0,29.0,6.08,EC,1617073423.0
16,Mehamn,71.0357,27.8492,33.8,86.0,75.0,8.05,NO,1617073506.0
17,Rikitea,-23.1203,-134.9692,78.84,71.0,1.0,16.28,PF,1617073581.0
18,Upernavik,72.7868,-56.1549,-2.56,70.0,98.0,7.29,GL,1617073422.0
19,San Quintín,30.4833,-115.95,58.87,84.0,57.0,5.88,MX,1617073602.0
20,Micheweni,-4.9667,39.8333,79.92,82.0,96.0,6.06,TZ,1617073602.0
21,Itoman,26.1247,127.6694,78.8,94.0,75.0,10.36,JP,1617073603.0
22,Oranjemund,-28.55,16.4333,58.91,88.0,0.0,4.29,NA,1617073603.0
23,Hermanus,-34.4187,19.2345,59.0,86.0,65.0,1.99,ZA,1617073604.0
25,Codrington,-38.2667,141.9667,67.33,62.0,70.0,9.86,AU,1617073604.0
26,Katsuura,35.1333,140.3,72.0,60.0,75.0,10.36,JP,1617073605.0
27,Cidreira,-30.1811,-50.2056,66.74,73.0,37.0,11.74,BR,1617073605.0
29,Kavieng,-2.5744,150.7967,85.86,67.0,100.0,11.03,PG,1617073605.0
30,Kaeo,-35.1,173.7833,69.01,93.0,88.0,7.0,NZ,1617073606.0
31,Chopovychi,50.8332,28.9533,36.64,89.0,53.0,4.16,UA,1617073606.0
33,Cape Town,-33.9258,18.4232,63.0,94.0,75.0,11.5,ZA,1617073383.0
34,Yellowknife,62.456,-114.3525,1.4,46.0,1.0,6.91,CA,1617073607.0
35,Atmakūr,15.8833,78.5833,88.54,33.0,67.0,9.73,IN,1617073607.0
36,Kota Kinabalu,5.9749,116.0724,86.0,84.0,20.0,3.44,MY,1617073608.0
37,Coahuayana Viejo,18.7333,-103.6833,71.02,69.0,98.0,2.46,MX,1617073608.0
38,Canutama,-6.5339,-64.3831,73.17,96.0,90.0,2.06,BR,1617073608.0
39,São Filipe,14.8961,-24.4956,69.55,71.0,37.0,8.41,CV,1617073609.0
40,Oudtshoorn,-33.5907,22.2014,57.2,88.0,0.0,2.3,ZA,1617073609.0
42,San Ramon,37.7799,-121.978,63.0,23.0,1.0,5.75,US,1617073556.0
43,Port Elizabeth,-33.918,25.5701,66.2,88.0,0.0,13.8,ZA,1617073610.0
44,Nanortalik,60.1432,-45.2371,28.69,73.0,100.0,15.35,GL,1617073610.0
45,Beruwala,6.4788,79.9828,77.11,79.0,100.0,5.23,LK,1617073611.0
46,Meridian,43.6121,-116.3915,41.0,33.0,20.0,9.22,US,1617073591.0
47,Atuona,-9.8,-139.0333,81.0,79.0,17.0,19.51,PF,1617073416.0
49,Sitka,57.0531,-135.33,39.2,100.0,90.0,5.75,US,1617073611.0
50,Heihe,50.2441,127.4902,41.0,52.0,40.0,15.66,CN,1617073612.0
51,Praia da Vitória,38.7333,-27.0667,59.0,94.0,20.0,4.59,PT,1617073612.0
52,Saint-Augustin,51.226,-58.6502,31.21,95.0,100.0,15.08,CA,1617073612.0
53,Hithadhoo,-0.6,73.0833,83.79,74.0,100.0,23.02,MV,1617073613.0
54,Aasiaat,68.7098,-52.8699,7.92,80.0,100.0,12.64,GL,1617073439.0
55,Vazhiny,60.9644,34.0222,37.65,96.0,100.0,14.85,RU,1617073613.0
56,Faya,18.3851,42.4509,55.4,38.0,0.0,4.61,SA,1617073614.0
57,Dikson,73.5069,80.5464,-24.11,98.0,77.0,7.52,RU,1617073471.0
58,Ancud,-41.8697,-73.8203,57.0,87.0,0.0,1.14,CL,1617073614.0
59,Koutiala,12.3917,-5.4642,79.52,10.0,0.0,7.43,ML,1617073615.0
61,Bambous Virieux,-20.3428,57.7575,80.01,94.0,20.0,8.05,MU,1617073615.0
62,Kachug,53.9606,105.8817,32.99,95.0,100.0,1.61,RU,1617073615.0
63,Evensk,61.95,159.2333,12.83,67.0,91.0,2.62,RU,1617073496.0
64,Pevek,69.7008,170.3133,-1.25,89.0,100.0,4.03,RU,1617073616.0
65,Bethel,41.3712,-73.414,39.2,48.0,1.0,0.36,US,1617073437.0
66,Bragança,-1.0536,-46.7656,73.65,98.0,100.0,0.16,BR,1617073617.0
67,Port Alfred,-33.5906,26.891,67.32,89.0,24.0,18.37,ZA,1617073617.0
68,Ribeira Grande,38.5167,-28.7,57.2,72.0,75.0,21.85,PT,1617073617.0
69,Chui,-33.6971,-53.4616,67.15,85.0,85.0,11.68,UY,1617073618.0
70,Flinders,-34.5833,150.8552,73.0,49.0,0.0,6.91,AU,1617073618.0
71,Kloulklubed,7.0419,134.2556,86.0,70.0,75.0,8.05,PW,1617073618.0
72,Carnarvon,-24.8667,113.6333,89.6,55.0,58.0,10.36,AU,1617073619.0
73,Bengkulu,-3.8004,102.2655,80.35,81.0,55.0,0.22,ID,1617073619.0
75,Mayo,38.8876,-76.5119,46.0,70.0,0.0,1.72,US,1617073620.0
76,Zeya,53.75,127.2667,38.37,62.0,17.0,6.11,RU,1617073620.0
77,Broome,42.2506,-75.833,34.0,60.0,1.0,1.97,US,1617073621.0
79,Kingman,35.1894,-114.053,66.2,10.0,1.0,12.66,US,1617073621.0
80,Yar-Sale,66.8333,70.8333,3.79,96.0,91.0,10.83,RU,1617073621.0
81,Kapaa,22.0752,-159.319,73.4,88.0,90.0,12.66,US,1617073622.0
82,Vaini,-21.2,-175.2,82.4,83.0,75.0,8.05,TO,1617073622.0
83,Boddam,57.4667,-1.7833,55.0,82.0,0.0,5.75,GB,1617073623.0
84,Verkhnyaya Inta,65.9811,60.3094,32.34,98.0,100.0,14.38,RU,1617073623.0
85,Mae Chan,20.1467,99.8526,77.0,73.0,40.0,3.44,TH,1617073623.0
86,Geraldton,-28.7667,114.6,80.6,74.0,25.0,8.05,AU,1617073624.0
87,Makkah al Mukarramah,21.4267,39.8261,73.54,54.0,0.0,3.04,SA,1617073386.0
88,Saint George,37.1041,-113.5841,63.0,17.0,1.0,20.71,US,1617073624.0
89,Bredasdorp,-34.5322,20.0403,55.4,94.0,77.0,4.61,ZA,1617073463.0
90,Aklavik,68.2191,-135.0107,6.8,56.0,100.0,4.61,CA,1617073625.0
91,Khatanga,71.9667,102.5,-19.46,94.0,18.0,13.89,RU,1617073625.0
92,Beyneu,45.3167,55.2,35.02,68.0,6.0,4.88,KZ,1617073626.0
93,Albany,42.6001,-73.9662,35.01,54.0,0.0,3.83,US,1617073626.0
94,Gort,53.0664,-8.8167,50.0,87.0,40.0,10.36,IE,1617073626.0
95,Saint-Philippe,-21.3585,55.7679,77.0,69.0,0.0,6.91,RE,1617073627.0
96,Druzhinino,56.7895,59.5143,24.58,88.0,87.0,2.19,RU,1617073627.0
97,Perth,-31.9333,115.8333,82.0,69.0,20.0,9.22,AU,1617073530.0
98,Severo-Kuril'sk,50.6789,156.125,37.53,95.0,97.0,23.04,RU,1617073628.0
99,Hong Kong,22.2855,114.1577,84.0,84.0,18.0,5.99,HK,1617073628.0
100,Pascagoula,30.3658,-88.5561,55.99,94.0,1.0,4.97,US,1617073628.0
101,Puerto Colombia,10.9878,-74.9547,78.8,83.0,0.0,11.5,CO,1617073629.0
102,Katangli,51.7102,143.2326,32.79,99.0,100.0,5.59,RU,1617073629.0
103,Chokurdakh,70.6333,147.9167,5.32,92.0,93.0,3.69,RU,1617073629.0
104,San Andrés,12.5847,-81.7006,80.6,83.0,40.0,14.97,CO,1617073454.0
105,Diffa,13.3154,12.6113,70.47,19.0,0.0,12.39,NE,1617073630.0
106,Clyde River,70.4692,-68.5914,-5.8,77.0,90.0,19.57,CA,1617073630.0
107,Lompoc,34.6391,-120.4579,50.0,81.0,0.0,9.22,US,1617073476.0
108,Umluj,25.0213,37.2685,70.74,63.0,36.0,12.8,SA,1617073520.0
109,Richards Bay,-28.783,32.0377,64.81,88.0,41.0,5.21,ZA,1617073631.0
110,Ostrovnoy,68.0531,39.5131,34.56,96.0,100.0,22.7,RU,1617073631.0
112,Bubaque,11.2833,-15.8333,74.89,73.0,5.0,10.98,GW,1617073632.0
113,Qaanaaq,77.484,-69.3632,-11.96,63.0,96.0,7.67,GL,1617073632.0
114,Kruisfontein,-34.0033,24.7314,57.0,94.0,7.0,1.01,ZA,1617073429.0
116,Río Gallegos,-51.6226,-69.2181,48.2,93.0,0.0,3.44,AR,1617073633.0
117,Port Lincoln,-34.7333,135.8667,75.11,52.0,2.0,4.97,AU,1617073633.0
119,Khotyn,48.4833,26.5,33.01,76.0,83.0,1.99,UA,1617073634.0
120,Izumo,35.3667,132.7667,64.4,59.0,75.0,5.75,JP,1617073515.0
121,Faanui,-16.4833,-151.75,82.18,72.0,91.0,12.68,PF,1617073634.0
122,Lata,40.1629,-8.3327,57.0,84.0,21.0,4.43,PT,1617073635.0
123,Tual,-5.6667,132.75,83.03,74.0,72.0,8.84,ID,1617073635.0
124,Cayenne,4.9333,-52.3333,79.0,83.0,20.0,8.05,GF,1617073635.0
125,Hofn,64.2539,-15.2082,27.45,63.0,93.0,16.6,IS,1617073636.0
126,Taoudenni,22.6783,-3.9836,77.07,7.0,72.0,10.0,ML,1617073636.0
127,Kovylkino,54.0388,43.9139,21.36,99.0,100.0,1.28,RU,1617073636.0
128,Hilo,19.7297,-155.09,75.2,69.0,90.0,6.91,US,1617073637.0
129,Polistena,38.406,16.08,55.99,41.0,9.0,2.37,IT,1617073637.0
130,Winnemucca,40.973,-117.7357,37.4,20.0,1.0,8.05,US,1617073637.0
131,Lorengau,-2.0226,147.2712,85.98,66.0,100.0,6.98,PG,1617073489.0
132,Quatre Cocos,-20.2078,57.7625,80.01,94.0,20.0,8.05,MU,1617073638.0
133,Ugoofaaru,5.6667,73.0,82.99,72.0,96.0,15.08,MV,1617073638.0
134,Nikolskoye,59.7035,30.7861,43.0,87.0,90.0,11.18,RU,1617073638.0
135,Beringovskiy,63.05,179.3167,12.24,82.0,100.0,21.09,RU,1617073440.0
136,Gobabis,-22.45,18.9667,64.04,76.0,100.0,2.64,NA,1617073639.0
138,Isangel,-19.55,169.2667,84.43,71.0,40.0,8.21,VU,1617073639.0
139,Guerrero Negro,27.9769,-114.0611,61.09,74.0,91.0,10.58,MX,1617073640.0
140,Hay River,60.8156,-115.7999,3.2,51.0,47.0,3.44,CA,1617073548.0
141,Kuala Terengganu,5.3302,103.1408,84.2,79.0,40.0,3.44,MY,1617073640.0
142,Broken Hill,-31.95,141.4333,75.2,31.0,0.0,14.97,AU,1617073641.0
143,Rocha,-34.4833,-54.3333,65.34,87.0,75.0,10.78,UY,1617073641.0
144,Noumea,-22.2763,166.4572,86.0,62.0,0.0,13.8,NC,1617073635.0
145,Iberia,29.9502,-91.7507,63.0,72.0,1.0,3.44,US,1617073642.0
146,Asău,46.4333,26.4,36.0,86.0,0.0,1.14,RO,1617073642.0
147,Airai,-8.9266,125.4092,62.11,94.0,100.0,3.83,TL,1617073642.0
148,Nouadhibou,20.931,-17.0347,62.55,85.0,42.0,18.48,MR,1617073643.0
149,Hobyo,5.3505,48.5268,78.66,75.0,69.0,7.36,SO,1617073643.0
150,George Town,5.4112,100.3354,86.0,83.0,20.0,4.61,MY,1617073468.0
151,Caucayá,-0.1934,-74.7819,72.45,97.0,100.0,2.42,CO,1617073644.0
152,Riyadh,24.6877,46.7219,60.8,14.0,0.0,6.26,SA,1617073626.0
153,Iqaluit,63.7506,-68.5145,-0.4,71.0,20.0,16.11,CA,1617073474.0
154,Teguise,29.0605,-13.564,64.4,82.0,75.0,5.75,ES,1617073644.0
155,Chichibu,35.9903,139.0764,69.01,63.0,40.0,3.44,JP,1617073645.0
156,Grootfontein,-19.5667,18.1167,59.0,100.0,100.0,5.75,NA,1617073645.0
157,Snåase,64.2457,12.3778,36.57,85.0,100.0,17.81,NO,1617073645.0
158,Morros,-9.4467,-46.3003,74.28,77.0,8.0,2.66,BR,1617073646.0
159,Berbera,10.4396,45.0143,78.12,73.0,73.0,8.16,SO,1617073630.0
160,Shimoda,34.6667,138.95,72.0,77.0,75.0,6.91,JP,1617073588.0
161,Tasiilaq,65.6145,-37.6368,14.0,52.0,3.0,3.44,GL,1617073391.0
163,Waipawa,-41.4122,175.5153,63.0,94.0,75.0,4.61,NZ,1617073647.0
164,Pochutla,15.7432,-96.4661,81.0,68.0,17.0,5.12,MX,1617073647.0
165,Cravo Norte,6.3017,-70.2041,81.57,66.0,100.0,6.22,CO,1617073647.0
166,Leningradskiy,69.3833,178.4167,0.19,91.0,100.0,19.01,RU,1617073648.0
167,Nabire,-3.3667,135.4833,86.58,64.0,100.0,4.76,ID,1617073648.0
168,Sarangani,5.4033,125.4636,76.62,90.0,100.0,11.45,PH,1617073648.0
169,Hobart,-42.8794,147.3294,70.0,45.0,40.0,11.5,AU,1617073417.0
170,Jiuquan,39.7432,98.5174,47.26,44.0,100.0,6.73,CN,1617073649.0
171,Barcelos,41.5388,-8.6151,62.6,59.0,0.0,10.36,PT,1617073560.0
172,Frontera,26.9333,-101.45,67.42,49.0,100.0,3.13,MX,1617073649.0
173,Port Augusta,-32.5,137.7667,84.0,34.0,0.0,8.05,AU,1617073650.0
174,Kupiškis,55.8333,24.9667,43.56,97.0,100.0,11.95,LT,1617073650.0
175,Nelson Bay,-32.7167,152.15,72.0,56.0,40.0,19.57,AU,1617073651.0
176,Abu Samrah,35.3029,37.1841,49.28,45.0,99.0,4.29,SY,1617073651.0
177,Castro,-24.7911,-50.0119,61.2,97.0,8.0,4.52,BR,1617073651.0
178,Tiksi,71.6872,128.8694,8.06,89.0,100.0,4.99,RU,1617073652.0
180,Saskylakh,71.9167,114.0833,-19.14,98.0,99.0,6.67,RU,1617073652.0
181,Mahébourg,-20.4081,57.7,73.4,94.0,20.0,8.05,MU,1617073492.0
185,Avarua,-21.2078,-159.775,84.2,74.0,40.0,12.66,CK,1617073653.0
186,Tuy Hoa,13.0833,109.3,87.13,48.0,81.0,4.52,VN,1617073654.0
187,Klaksvík,62.2266,-6.589,37.4,87.0,90.0,1.86,FO,1617073654.0
188,Mjölby,58.326,15.1237,51.8,87.0,90.0,13.8,SE,1617073655.0
189,Kenai,60.5544,-151.2583,39.2,70.0,90.0,18.41,US,1617073655.0
190,Narsaq,60.9167,-46.05,24.8,50.0,75.0,2.3,GL,1617073655.0
191,Ouidah,6.3631,2.0851,82.4,83.0,40.0,8.05,BJ,1617073656.0
192,Mayna,54.1135,47.6231,13.37,96.0,68.0,2.91,RU,1617073656.0
194,Praia,14.9215,-23.5087,66.2,77.0,20.0,11.5,CV,1617073657.0
195,Ahipara,-35.1667,173.1667,70.57,85.0,96.0,10.74,NZ,1617073657.0
196,Lebu,-37.6167,-73.65,54.82,92.0,28.0,2.44,CL,1617073430.0
197,Vysokogornyy,50.1167,139.15,35.17,98.0,100.0,3.65,RU,1617073658.0
199,New Norfolk,-42.7826,147.0587,70.0,53.0,71.0,1.99,AU,1617073658.0
200,Srednekolymsk,67.45,153.6833,17.01,73.0,20.0,4.36,RU,1617073658.0
201,Orodara,10.9492,-4.9342,80.6,32.0,2.0,2.3,BF,1617073659.0
202,Norman Wells,65.282,-126.8329,12.2,44.0,75.0,5.75,CA,1617073659.0
203,Saint Paul Harbor,57.79,-152.4072,42.8,70.0,75.0,10.36,US,1617073462.0
205,Kampene,-3.6,26.6667,66.65,98.0,100.0,1.03,CD,1617073660.0
206,Ürümqi,43.801,87.6005,33.8,100.0,90.0,2.24,CN,1617073506.0
207,Flin Flon,54.7682,-101.865,11.8,92.0,100.0,17.05,CA,1617073661.0
208,Massakory,12.996,15.7293,72.97,9.0,0.0,16.67,TD,1617073661.0
209,Bilibino,68.0546,166.4372,0.84,86.0,99.0,3.83,RU,1617073661.0
210,Ushtobe,45.2514,77.9838,41.09,73.0,100.0,6.29,KZ,1617073662.0
212,Yulara,-25.2406,130.9889,82.4,24.0,0.0,16.11,AU,1617073662.0
213,East London,-33.0153,27.9116,67.32,87.0,80.0,13.2,ZA,1617073662.0
214,Hamilton,39.1834,-84.5333,48.99,57.0,1.0,9.22,US,1617073431.0
215,Raton,36.9034,-104.4391,52.0,25.0,1.0,6.91,US,1617073663.0
216,Celestún,20.8667,-90.4,80.56,69.0,47.0,14.67,MX,1617073663.0
217,Seoul,37.5683,126.9778,59.0,26.0,0.0,3.44,KR,1617073529.0
218,Kjøllefjord,70.9457,27.3465,33.8,86.0,75.0,8.05,NO,1617073664.0
220,Kaitangata,-46.2817,169.8464,62.01,77.0,92.0,8.01,NZ,1617073664.0
221,Valparaíso,-33.0393,-71.6273,48.2,100.0,0.0,2.3,CL,1617073665.0
223,Albion,42.2431,-84.753,46.99,57.0,1.0,9.22,US,1617073487.0
224,Vilhena,-12.7406,-60.1458,68.09,96.0,19.0,3.13,BR,1617073484.0
225,Port Moresby,-9.4431,147.1797,86.0,79.0,40.0,11.5,PG,1617073665.0
226,Gazli,40.1333,63.45,46.74,54.0,4.0,3.44,UZ,1617073666.0
227,Salalah,17.0151,54.0924,89.6,17.0,0.0,21.85,OM,1617073666.0
228,Muros,42.7762,-9.0603,52.0,87.0,14.0,5.19,ES,1617073666.0
229,Tuktoyaktuk,69.4541,-133.0374,-7.6,71.0,20.0,17.27,CA,1617073667.0
230,Āgaro,7.85,36.65,61.92,83.0,89.0,1.5,ET,1617073667.0
231,Talnakh,69.4865,88.3972,-14.57,94.0,58.0,3.78,RU,1617073635.0
232,Igarka,67.4667,86.5833,-11.6,91.0,47.0,14.0,RU,1617073668.0
233,Chivacoa,10.1603,-68.895,72.88,95.0,97.0,4.68,VE,1617073668.0
234,San Cristobal,7.7669,-72.225,77.0,78.0,40.0,2.3,VE,1617073543.0
235,San Patricio,28.017,-97.5169,68.0,94.0,90.0,9.22,US,1617073549.0
236,Naze,28.3667,129.4833,68.0,94.0,75.0,17.27,JP,1617073669.0
237,Sri Aman,1.2376,111.4621,80.6,89.0,20.0,3.44,MY,1617073669.0
238,Nuuk,64.1835,-51.7216,30.2,69.0,90.0,11.5,GL,1617073669.0
239,Yeppoon,-23.1333,150.7333,84.2,42.0,40.0,16.11,AU,1617073670.0
240,Muroto-misakicho,33.2833,134.15,66.2,72.0,0.0,4.61,JP,1617073670.0
241,Killybegs,54.6333,-8.45,52.0,92.0,35.0,11.99,IE,1617073670.0
242,Ponta do Sol,32.6667,-17.1,62.6,67.0,20.0,9.22,PT,1617073671.0
243,Husavik,66.0449,-17.3389,17.6,93.0,0.0,10.36,IS,1617073671.0
244,Aloleng,16.1307,119.7824,86.31,62.0,52.0,3.38,PH,1617073671.0
245,Mâncio Lima,-7.6142,-72.8958,71.51,99.0,99.0,1.66,BR,1617073672.0
246,Los Llanos de Aridane,28.6585,-17.9182,64.4,77.0,20.0,5.75,ES,1617073672.0
247,Ongole,15.5,80.05,86.47,49.0,31.0,4.99,IN,1617073672.0
248,Canavieiras,-15.675,-38.9472,74.21,83.0,49.0,4.54,BR,1617073673.0
249,Malye Derbety,47.9547,44.6808,32.83,89.0,91.0,6.49,RU,1617073673.0
251,Kyren,51.6828,102.1408,38.79,68.0,88.0,3.33,RU,1617073674.0
252,Andros Town,24.7,-77.7667,77.0,83.0,40.0,8.05,BS,1617073513.0
253,Xiangfan,32.0422,112.1448,58.14,59.0,100.0,8.21,CN,1617073674.0
254,Atar,20.5169,-13.0499,74.71,27.0,7.0,8.32,MR,1617073675.0
255,Havøysund,70.9963,24.6622,33.8,80.0,75.0,4.61,NO,1617073519.0
256,Hasaki,35.7333,140.8333,72.0,64.0,75.0,10.36,JP,1617073674.0
257,Tuatapere,-46.1333,167.6833,64.0,77.0,100.0,3.0,NZ,1617073675.0
258,Arraial do Cabo,-22.9661,-42.0278,77.47,86.0,10.0,4.79,BR,1617073450.0
259,Nova Olímpia,-14.7972,-57.2881,74.19,79.0,7.0,1.61,BR,1617073501.0
260,Tank,32.2217,70.3793,76.95,16.0,0.0,9.55,PK,1617073676.0
261,Zyryanka,65.75,150.85,16.05,79.0,35.0,9.53,RU,1617073676.0
262,Lüderitz,-26.6481,15.1594,61.84,76.0,0.0,5.77,NA,1617073484.0
263,Aswān,24.0934,32.907,58.87,37.0,0.0,11.07,EG,1617073677.0
264,Hearst,49.6835,-83.6665,33.8,51.0,100.0,10.36,CA,1617073677.0
265,Yoichi,43.2039,140.7703,55.0,54.0,75.0,18.41,JP,1617073678.0
266,Aykhal,66.0,111.5,22.75,89.0,100.0,6.78,RU,1617073678.0
267,Mahibadhoo,3.7833,72.9667,82.45,74.0,100.0,10.94,MV,1617073678.0
269,Shingū,33.7333,135.9833,66.2,68.0,75.0,5.75,JP,1617073679.0
270,Aitape,-3.1374,142.3475,83.7,72.0,100.0,4.85,PG,1617073679.0
271,Maragogi,-9.0122,-35.2225,76.91,89.0,84.0,5.77,BR,1617073680.0
273,Belomorsk,64.5232,34.7668,35.06,96.0,100.0,16.73,RU,1617073680.0
274,Paraíso,9.8383,-83.8656,71.6,73.0,0.0,12.66,CR,1617073680.0
275,Taltal,-25.4,-70.4833,64.87,77.0,5.0,3.91,CL,1617073681.0
276,Omaruru,-21.4333,15.9333,63.75,77.0,100.0,13.53,NA,1617073681.0
277,Nelipyno,48.561,23.0315,45.0,74.0,100.0,1.07,UA,1617073682.0
278,Kemijärvi,66.7131,27.4306,33.35,96.0,100.0,8.93,FI,1617073682.0
280,Vao,-22.6667,167.4833,78.24,71.0,100.0,7.05,NC,1617073683.0
281,Bandarbeyla,9.4942,50.8122,76.3,66.0,98.0,4.5,SO,1617073683.0
282,Bourail,-21.5667,165.4833,84.72,53.0,95.0,11.99,NC,1617073683.0
283,Grindavik,63.8424,-22.4338,28.4,74.0,75.0,16.11,IS,1617073684.0
284,Sur,22.5667,59.5289,84.63,35.0,1.0,1.39,OM,1617073684.0
285,Kuytun,54.3419,101.5036,33.26,86.0,100.0,11.99,RU,1617073504.0
286,Pangody,65.85,74.4859,6.75,93.0,100.0,10.29,RU,1617073684.0
287,Harper,4.375,-7.7169,77.61,87.0,9.0,3.13,LR,1617073685.0
288,São João da Barra,-21.6403,-41.0511,77.04,90.0,99.0,8.28,BR,1617073685.0
289,Harrismith,-28.2728,29.1295,47.82,89.0,1.0,3.04,ZA,1617073686.0
290,Sabha,27.0377,14.4283,57.42,35.0,2.0,8.68,LY,1617073686.0
291,Unity,52.4501,-109.1682,16.84,83.0,100.0,27.36,CA,1617073686.0
292,Xishan,27.6667,113.5,71.6,78.0,40.0,4.47,CN,1617073687.0
293,Sterling,39.0062,-77.4286,44.01,70.0,1.0,2.84,US,1617073464.0
294,Lagoa,39.05,-27.9833,57.99,75.0,100.0,1.92,PT,1617073443.0
295,Waingapu,-9.6567,120.2641,82.15,82.0,100.0,13.76,ID,1617073627.0
296,Skjervøy,70.0311,20.9714,34.63,69.0,77.0,6.91,NO,1617073688.0
297,Touros,-5.1989,-35.4608,77.0,94.0,40.0,8.01,BR,1617073688.0
298,Marechal Deodoro,-9.7103,-35.895,77.0,94.0,40.0,2.3,BR,1617073688.0
299,La Ronge,55.1001,-105.2842,15.8,79.0,100.0,13.8,CA,1617073689.0
300,Vostok,46.4856,135.8833,32.79,99.0,100.0,3.38,RU,1617073689.0
301,Jiexiu,37.0244,111.9125,61.09,49.0,1.0,1.5,CN,1617073558.0
302,Vodnyy,63.5046,53.4095,32.34,93.0,100.0,8.23,RU,1617073690.0
303,Kiunga,-6.1219,141.2906,85.53,73.0,82.0,3.0,PG,1617073690.0
304,Harvard,42.4222,-88.6137,53.01,59.0,5.0,24.99,US,1617073690.0
306,Bayir,37.2687,28.2167,46.4,66.0,0.0,5.75,TR,1617073691.0
307,Soyo,-6.1349,12.3689,79.59,80.0,100.0,7.83,AO,1617073455.0
309,Saldanha,-33.0117,17.9442,62.6,88.0,7.0,1.14,ZA,1617073691.0
311,Cherskiy,68.75,161.3,7.0,85.0,100.0,8.21,RU,1617073426.0
312,Virginia Beach,36.8529,-75.978,50.0,62.0,1.0,4.61,US,1617073088.0
313,Sainte-Rose,16.3324,-61.6979,75.2,88.0,75.0,3.44,GP,1617073692.0
314,Pisco,-13.7,-76.2167,69.8,73.0,0.0,5.75,PE,1617073627.0
315,Mabaruma,8.2,-59.7833,72.73,97.0,91.0,4.45,GY,1617073693.0
316,Dingle,10.9995,122.6711,87.98,57.0,96.0,11.23,PH,1617073693.0
317,Bertoua,4.5833,13.6833,67.42,76.0,57.0,3.02,CM,1617073693.0
319,Grand Gaube,-20.0064,57.6608,80.01,79.0,14.0,5.01,MU,1617073694.0
320,Montluçon,46.3333,2.6,48.63,68.0,3.0,4.27,FR,1617073694.0
323,Cabo San Lucas,22.8909,-109.9124,75.2,29.0,40.0,6.91,MX,1617073695.0
324,Sevierville,35.8681,-83.5618,48.99,70.0,1.0,3.27,US,1617073562.0
325,Baykit,61.67,96.37,20.48,87.0,100.0,4.25,RU,1617073695.0
326,Marang,5.2056,103.2059,84.2,79.0,40.0,3.44,MY,1617073696.0
327,Gushikawa,26.3544,127.8686,78.8,89.0,90.0,13.8,JP,1617073696.0
328,Nioro,13.35,-15.75,72.93,44.0,2.0,3.27,GM,1617073697.0
329,Changji,44.0167,87.3167,33.8,100.0,90.0,2.24,CN,1617073636.0
331,Vila Velha,-20.3297,-40.2925,78.8,78.0,0.0,10.36,BR,1617073697.0
332,Lavrentiya,65.5833,-171.0,13.12,86.0,100.0,10.74,RU,1617073698.0
333,College,64.8569,-147.8028,34.0,69.0,90.0,3.44,US,1617073698.0
334,Sturgis,41.7992,-85.4192,48.2,46.0,1.0,14.97,US,1617073698.0
335,Beisfjord,68.3751,17.5988,33.8,100.0,90.0,8.05,NO,1617073699.0
336,Cocal,-28.6167,-49.35,64.58,97.0,72.0,4.14,BR,1617073699.0
337,Mount Isa,-20.7333,139.5,91.4,31.0,40.0,13.8,AU,1617073699.0
338,Kawalu,-7.3817,108.2082,81.93,76.0,100.0,2.91,ID,1617073700.0
339,Ossora,59.2353,163.0719,22.93,75.0,100.0,4.29,RU,1617073700.0
340,Ulsteinvik,62.3432,5.8487,42.8,70.0,90.0,23.02,NO,1617073701.0
341,Gelibolu,40.4103,26.6708,35.6,87.0,0.0,6.91,TR,1617073701.0
342,Pasni,25.2631,63.471,79.3,32.0,5.0,22.59,PK,1617073701.0
343,Bathsheba,13.2167,-59.5167,77.0,73.0,75.0,19.57,BB,1617073702.0
344,Longyearbyen,78.2186,15.6401,24.8,68.0,75.0,24.16,SJ,1617073702.0
345,Port-Gentil,-0.7193,8.7815,78.93,77.0,89.0,5.23,GA,1617073703.0
346,Te Anau,-45.4167,167.7167,62.35,56.0,100.0,0.65,NZ,1617073703.0
347,Kyrksæterøra,63.2906,9.0891,42.8,93.0,75.0,23.02,NO,1617073703.0
348,Langsa,4.4683,97.9683,80.37,79.0,100.0,2.71,ID,1617073704.0
349,Curup,-3.4667,102.5333,77.9,73.0,86.0,4.32,ID,1617073704.0
350,Prokuplje,43.2342,21.5881,41.0,65.0,0.0,3.44,RS,1617073704.0
351,Along,28.1667,94.7667,81.03,19.0,98.0,1.68,IN,1617073507.0
353,Anadyr,64.75,177.4833,5.0,85.0,40.0,26.84,RU,1617073705.0
354,Fortuna,40.5982,-124.1573,48.0,76.0,1.0,6.91,US,1617073705.0
355,Port Hardy,50.6996,-127.4199,42.8,65.0,40.0,10.36,CA,1617073706.0
356,Bushehr,28.9684,50.8385,66.2,68.0,0.0,13.8,IR,1617073706.0
357,Manacapuru,-3.2997,-60.6206,75.2,100.0,75.0,2.3,BR,1617073707.0
359,Rājāpur,25.3833,81.15,91.65,9.0,0.0,14.09,IN,1617073707.0
360,Sinnamary,5.3833,-52.95,77.41,86.0,97.0,14.16,GF,1617073707.0
361,Makakilo City,21.3469,-158.0858,80.6,73.0,90.0,10.36,US,1617073708.0
362,Sibut,5.718,19.0739,71.69,30.0,33.0,3.36,CF,1617073708.0
364,Puerto Carreño,6.189,-67.4859,82.62,61.0,100.0,7.16,CO,1617073709.0
365,Movila Banului,44.9833,26.6833,35.6,75.0,0.0,2.3,RO,1617073709.0
366,Najrān,17.4924,44.1277,62.6,34.0,1.0,0.87,SA,1617073487.0
367,Lar,26.2039,83.9717,88.38,13.0,4.0,4.92,IN,1617073710.0
368,Brae,60.3964,-1.353,44.6,93.0,90.0,5.75,GB,1617073710.0
369,Uyemskiy,64.4743,40.8524,39.2,60.0,40.0,8.95,RU,1617073711.0
370,Kailua,21.4022,-157.7394,80.6,73.0,75.0,9.22,US,1617073711.0
371,Thongwa,16.7619,96.5278,82.4,83.0,75.0,4.61,MM,1617073711.0
372,Morón,-34.6534,-58.6198,66.0,81.0,0.0,4.72,AR,1617073712.0
373,Mahajanga,-15.7167,46.3167,75.2,94.0,20.0,2.3,MG,1617073712.0
374,Xapuri,-10.6517,-68.5044,72.43,98.0,100.0,1.9,BR,1617073713.0
375,Caconda,-13.7333,15.0667,60.44,93.0,100.0,4.34,AO,1617073713.0
376,Sanming,26.2486,117.6186,85.73,60.0,76.0,4.68,CN,1617073713.0
377,Guider,9.9342,13.9486,78.6,13.0,4.0,10.22,CM,1617073714.0
378,Puerto Baquerizo Moreno,-0.9,-89.6,77.67,84.0,17.0,7.49,EC,1617073714.0
379,Vila Franca do Campo,37.7167,-25.4333,60.8,88.0,75.0,18.41,PT,1617073714.0
380,Ulladulla,-35.35,150.4667,68.0,49.0,0.0,6.91,AU,1617073715.0
381,Provideniya,64.3833,-173.3,19.4,73.0,90.0,8.95,RU,1617073715.0
382,Acapulco de Juárez,16.8634,-99.8901,80.6,83.0,40.0,6.91,MX,1617073694.0
383,Avera,33.194,-82.5271,55.4,71.0,1.0,5.75,US,1617073716.0
384,Gueugnon,46.6036,4.0629,41.0,87.0,0.0,2.3,FR,1617073716.0
385,Dayong,25.0209,118.2898,77.0,78.0,35.0,6.71,CN,1617073716.0
386,Karratha,-20.7377,116.8463,100.09,25.0,2.0,9.4,AU,1617073717.0
387,Maniitsoq,65.4167,-52.9,23.2,74.0,100.0,17.92,GL,1617073717.0
388,Vestmannaeyjar,63.4427,-20.2734,34.79,66.0,99.0,5.86,IS,1617073718.0
389,Batemans Bay,-35.7167,150.1833,71.01,46.0,90.0,7.25,AU,1617073523.0
390,Pokhara,28.2333,83.9833,80.31,17.0,2.0,4.16,NP,1617073718.0
391,Batken,39.8333,71.0,22.05,57.0,3.0,5.61,KG,1617073718.0
392,Marigot,18.0667,-63.0833,78.8,73.0,20.0,12.66,MF,1617073719.0
393,Fort-Shevchenko,44.5086,50.263,41.86,77.0,18.0,4.41,KZ,1617073719.0
394,Portland,45.5234,-122.6762,46.0,56.0,15.0,3.0,US,1617073175.0
395,Auki,-8.7676,160.7034,84.99,69.0,25.0,2.84,SB,1617073720.0
396,Oktyabr'skiy,54.4815,53.471,24.22,98.0,87.0,2.91,RU,1617073720.0
398,Baillif,16.0202,-61.7463,75.2,88.0,75.0,3.44,GP,1617073721.0
399,General Pico,-35.6566,-63.7568,59.07,76.0,0.0,5.59,AR,1617073721.0
400,Souillac,-20.5167,57.5167,73.4,94.0,20.0,8.05,MU,1617073721.0
401,Sirsa,29.5333,75.0167,84.97,13.0,1.0,10.29,IN,1617073722.0
402,Kargalinskaya,43.7417,46.4792,39.7,84.0,9.0,7.09,RU,1617073722.0
403,Mudhol,16.35,75.2833,80.11,55.0,48.0,8.55,IN,1617073722.0
404,Santiago de Cao,-7.9589,-79.2392,69.66,85.0,99.0,10.2,PE,1617073723.0
405,Gijang,35.2442,129.2139,62.6,19.0,62.0,12.66,KR,1617073723.0
406,Severnoye,56.3491,78.3619,17.06,91.0,99.0,9.84,RU,1617073723.0
407,Farah,32.5,62.5,44.29,45.0,0.0,5.32,AF,1617073724.0
408,Dudinka,69.4058,86.1778,-13.56,91.0,48.0,17.9,RU,1617073724.0
409,Sobolevo,54.4299,31.8996,35.47,98.0,100.0,10.83,RU,1617073725.0
410,Loyga,61.0784,44.6075,29.53,84.0,98.0,12.48,RU,1617073725.0
411,Rena,61.1348,11.3641,36.0,85.0,82.0,1.97,NO,1617073725.0
412,Griffith,41.5284,-87.4237,53.6,53.0,1.0,19.57,US,1617073473.0
413,San Luis,-33.295,-66.3356,59.83,40.0,0.0,6.44,AR,1617073726.0
414,Assiut,27.181,31.1837,50.0,76.0,0.0,11.5,EG,1617073609.0
415,Melilla,35.2937,-2.9383,60.8,94.0,90.0,6.91,ES,1617073726.0
416,Sancti Spíritus,21.9297,-79.4425,74.37,81.0,23.0,10.2,CU,1617073727.0
417,Doka,13.5167,35.7667,81.28,34.0,6.0,5.41,SD,1617073727.0
418,Socorro,31.6546,-106.3033,71.6,14.0,20.0,3.44,US,1617073713.0
419,Oistins,13.0667,-59.5333,77.0,73.0,75.0,19.57,BB,1617073486.0
420,Mossamedes,-15.1961,12.1522,74.39,88.0,67.0,3.42,AO,1617073728.0
424,Saint Anthony,45.0205,-93.218,68.0,37.0,1.0,17.27,US,1617073729.0
425,Tocopilla,-22.092,-70.1979,68.22,76.0,16.0,8.32,CL,1617073729.0
426,Zvishavane,-20.3267,30.0665,55.78,90.0,0.0,1.3,ZW,1617073729.0
427,Mazatán,14.8667,-92.45,78.8,89.0,40.0,3.38,MX,1617073730.0
428,Datong,40.0936,113.2914,52.5,23.0,96.0,6.8,CN,1617073730.0
429,Skellefteå,64.7507,20.9528,41.0,65.0,7.0,16.11,SE,1617073730.0
430,Alofi,-19.0595,-169.9187,84.2,79.0,75.0,12.66,NU,1617073511.0
431,Kavaratti,10.5669,72.642,83.21,71.0,100.0,5.03,IN,1617073731.0
432,Pershotravneve,51.3929,28.8684,35.76,84.0,77.0,4.36,UA,1617073731.0
433,Sadzhavka,48.566,24.7882,37.42,82.0,100.0,3.94,UA,1617073732.0
434,Norrtälje,59.758,18.705,46.99,87.0,90.0,11.5,SE,1617073732.0
435,Portales,34.1862,-103.3344,61.0,14.0,1.0,10.36,US,1617073732.0
436,Japura,-0.3167,102.35,87.67,58.0,90.0,3.04,ID,1617073733.0
437,Khasan,42.4308,130.6434,50.86,53.0,34.0,15.12,RU,1617073733.0
438,Kiyasovo,56.3491,53.1244,28.0,66.0,40.0,3.85,RU,1617073733.0
439,Babayurt,43.6002,46.7789,39.76,86.0,8.0,7.67,RU,1617073734.0
440,Sirte,31.2089,16.5887,58.69,67.0,0.0,6.2,LY,1617073734.0
441,Alice Springs,-23.7,133.8833,80.6,32.0,0.0,16.11,AU,1617073735.0
442,Mandalgovi,45.7625,106.2708,43.03,37.0,0.0,20.78,MN,1617073735.0
443,Jalpa,21.6333,-102.9667,71.6,24.0,75.0,5.75,MX,1617073735.0
444,Ashland,40.8167,-82.2665,44.6,49.0,1.0,11.5,US,1617073736.0
445,Ilulissat,69.2167,-51.1,19.4,42.0,75.0,19.57,GL,1617073736.0
446,Havelock,34.8791,-76.9013,55.99,87.0,1.0,5.3,US,1617073736.0
447,Macaíba,-5.8583,-35.3539,78.8,94.0,40.0,4.56,BR,1617073737.0
448,Zhezkazgan,47.8043,67.7144,24.35,77.0,100.0,4.9,KZ,1617073737.0
449,Mutare,-18.9707,32.6709,57.4,95.0,70.0,1.52,ZW,1617073738.0
450,Shestakovo,56.4915,103.96,32.97,86.0,100.0,8.95,RU,1617073738.0
451,Dali,25.7,100.1833,66.24,23.0,0.0,8.14,CN,1617073738.0
452,Srandakan,-7.9386,110.2506,80.82,81.0,98.0,3.51,ID,1617073739.0
453,Bongandanga,1.5,21.05,69.78,92.0,100.0,3.11,CD,1617073739.0
454,Uusikaupunki,60.8004,21.4084,37.4,100.0,99.0,3.44,FI,1617073739.0
455,Kalabo,-14.97,22.6814,62.1,89.0,11.0,5.57,ZM,1617073740.0
456,Saint-Jean-de-Braye,47.913,1.9771,42.8,70.0,0.0,2.3,FR,1617073740.0
457,La Libertad,-2.2333,-80.9,74.19,79.0,83.0,4.14,EC,1617073741.0
458,Yangi Marg`ilon,40.4272,71.7189,44.6,65.0,40.0,2.3,UZ,1617073741.0
459,Ayagoz,47.9714,80.4392,28.6,48.0,100.0,1.74,KZ,1617073741.0
460,Dunedin,-45.8742,170.5036,57.0,79.0,79.0,14.0,NZ,1617073506.0
461,Arlit,18.7369,7.3853,65.73,13.0,0.0,4.72,NE,1617073742.0
462,Kumul,42.8,93.45,55.67,30.0,100.0,9.93,CN,1617073547.0
463,Superior,46.7208,-92.1041,64.4,42.0,1.0,13.8,US,1617073742.0
464,Tambovka,50.0969,128.0489,41.0,52.0,40.0,15.66,RU,1617073743.0
466,Gagret,31.6667,76.0667,81.7,19.0,0.0,4.72,IN,1617073743.0
467,Kalmunai,7.4167,81.8167,81.64,69.0,46.0,4.0,LK,1617073744.0
468,Bonavista,48.6499,-53.1147,39.0,93.0,100.0,16.11,CA,1617073485.0
469,Finschhafen,-6.6024,147.8681,85.6,67.0,33.0,10.38,PG,1617073744.0
470,Deputatsky,69.3,139.9,9.57,84.0,37.0,2.13,RU,1617073744.0
471,Mbaïki,3.8678,17.9892,70.0,89.0,100.0,1.92,CF,1617073745.0
472,Sokoni,-6.4333,39.55,78.8,89.0,75.0,11.5,TZ,1617073745.0
474,Marfino,55.7028,37.3822,32.0,69.0,0.0,6.71,RU,1617073746.0
475,Kokopo,-4.352,152.2633,87.42,56.0,82.0,10.49,PG,1617073746.0
476,Chitral,35.8462,71.7858,46.02,42.0,0.0,8.97,PK,1617073744.0
477,Palana,59.1167,159.9667,25.72,73.0,100.0,9.84,RU,1617073747.0
478,Versailles,48.8,2.1333,55.4,70.0,0.0,3.49,FR,1617073747.0
479,Pacific Grove,36.6177,-121.9166,50.0,86.0,0.0,4.0,US,1617073747.0
480,Karla,59.3723,24.9275,42.8,100.0,90.0,9.22,EE,1617073748.0
481,Paphos,34.7667,32.4167,48.2,71.0,0.0,8.05,CY,1617073748.0
482,Adrar,20.5022,-10.0711,74.01,13.0,3.0,6.49,MR,1617073749.0
483,Torbay,47.6666,-52.7314,37.99,87.0,75.0,24.16,CA,1617073529.0
484,Nhulunbuy,-12.2333,136.7667,87.8,66.0,75.0,17.27,AU,1617073749.0
485,Comodoro Rivadavia,-45.8667,-67.5,59.0,82.0,0.0,6.15,AR,1617073750.0
486,Tāndā,26.55,82.65,89.2,13.0,1.0,3.56,IN,1617073750.0
487,Kununurra,-15.7667,128.7333,91.4,31.0,43.0,18.41,AU,1617073609.0
488,Saint-François,46.4154,3.9054,41.0,87.0,0.0,2.3,FR,1617073751.0
489,Emerald,-23.5333,148.1667,84.99,37.0,40.0,10.36,AU,1617073751.0
490,Neepawa,50.2289,-99.4664,28.4,86.0,90.0,28.77,CA,1617073751.0
491,Zasheyek,67.4066,32.5499,30.99,99.0,100.0,4.88,RU,1617073752.0
492,Dalbandin,28.8947,64.4101,64.98,17.0,3.0,8.48,PK,1617073752.0
493,Cairns,-16.9167,145.7667,90.0,54.0,95.0,25.32,AU,1617073753.0
494,Kiryat Gat,31.61,34.7642,51.01,72.0,0.0,5.41,IL,1617073753.0
495,Nome,64.5011,-165.4064,30.2,93.0,90.0,11.5,US,1617073753.0
496,Nalgonda,17.05,79.2667,91.4,19.0,26.0,9.44,IN,1617073754.0
497,Tibiao,11.2915,122.0354,84.43,66.0,69.0,5.48,PH,1617073754.0
498,Isiro,2.7739,27.616,66.45,96.0,100.0,2.06,CD,1617073754.0
499,Pathein,16.7833,94.7333,92.05,35.0,99.0,7.99,MM,1617073755.0
500,Brookings,44.3114,-96.7984,50.0,29.0,90.0,21.85,US,1617073581.0
501,Khonsa,27.0167,95.5667,74.01,32.0,93.0,1.63,IN,1617073755.0
502,Berlevåg,70.8578,29.0864,33.8,86.0,75.0,8.05,NO,1617073756.0
504,Morondava,-20.2833,44.2833,73.11,75.0,0.0,11.05,MG,1617073756.0
506,Huarmey,-10.0681,-78.1522,71.19,82.0,100.0,8.41,PE,1617073757.0
507,São José da Coroa Grande,-8.8978,-35.1478,77.4,88.0,69.0,6.08,BR,1617073757.0
508,Marrakesh,31.6315,-8.0083,59.0,47.0,18.0,4.61,MA,1617073757.0
509,Namatanai,-3.6667,152.4333,85.42,67.0,94.0,7.61,PG,1617073758.0
510,Carmaux,44.051,2.158,57.2,57.0,0.0,10.36,FR,1617073758.0
511,Pailón,-17.65,-62.75,71.6,60.0,75.0,11.5,BO,1617073758.0
512,Khāsh,28.2211,61.2158,51.12,35.0,4.0,6.76,IR,1617073759.0
514,Olafsvik,64.8945,-23.7142,30.54,64.0,100.0,11.72,IS,1617073759.0
515,Oga,46.4631,10.347,44.01,93.0,0.0,2.3,IT,1617073760.0
516,Buala,-8.145,159.5921,85.5,68.0,62.0,3.87,SB,1617073760.0
517,Midland,31.9974,-102.0779,68.0,22.0,1.0,19.57,US,1617073551.0
518,Luangwa,-15.6167,30.4167,64.78,91.0,11.0,2.48,ZM,1617073761.0
519,Colquechaca,-18.6667,-66.0167,32.81,90.0,95.0,4.65,BO,1617073761.0
520,Nishihara,26.1842,127.7558,78.8,83.0,90.0,16.11,JP,1617073761.0
521,Mikkeli,61.6886,27.2723,39.2,100.0,90.0,9.22,FI,1617073762.0
522,Pedernales,18.0384,-71.744,78.49,66.0,2.0,8.63,DO,1617073762.0
523,Adré,13.4667,22.2,65.68,10.0,0.0,16.91,TD,1617073763.0
525,Sumbe,-11.2061,13.8437,76.32,83.0,100.0,3.89,AO,1617073763.0
526,Biltine,14.5333,20.9167,68.63,10.0,0.0,14.2,TD,1617073763.0
527,Port Hawkesbury,45.6169,-61.3485,33.8,80.0,90.0,25.32,CA,1617073698.0
528,Laguna,38.421,-121.4238,64.4,24.0,1.0,6.91,US,1617073764.0
529,Zhigansk,66.7697,123.3711,24.98,92.0,100.0,10.85,RU,1617073764.0
530,Hirara,24.8,125.2833,80.6,83.0,40.0,13.8,JP,1617073765.0
531,Shubarkuduk,49.1447,56.4872,29.21,92.0,92.0,3.49,KZ,1617073765.0
532,Kholm-Zhirkovskiy,55.5189,33.4731,34.3,97.0,100.0,11.63,RU,1617073765.0
533,Paros,37.0833,25.15,55.0,58.0,49.0,10.36,GR,1617073766.0
535,Kandrian,-6.2167,149.55,85.33,72.0,99.0,11.81,PG,1617073766.0
536,Novo Aripuanã,-5.1206,-60.3797,74.1,98.0,99.0,1.72,BR,1617073767.0
537,Woodstock,43.1334,-80.7497,33.8,75.0,7.0,4.61,CA,1617073561.0
538,Byron Bay,-28.65,153.6167,75.2,64.0,75.0,14.97,AU,1617073767.0
539,Kargil,34.5667,76.1,27.57,58.0,41.0,3.47,IN,1617073768.0
540,Cockburn Town,21.4612,-71.1419,77.49,82.0,0.0,23.31,TC,1617073768.0
541,Khovd,48.0056,91.6419,38.53,25.0,100.0,4.03,MN,1617073768.0
542,Bahía Blanca,-38.7196,-62.2724,61.77,49.0,2.0,6.44,AR,1617073584.0
543,Kaseda-shirakame,31.4167,130.3167,57.2,94.0,75.0,1.14,JP,1617073769.0
544,Henties Bay,-22.116,14.2845,60.01,92.0,37.0,5.75,NA,1617073769.0
545,Lucea,18.451,-78.1736,78.8,78.0,20.0,2.3,JM,1617073770.0
546,Sibiti,-3.6819,13.3499,67.89,99.0,100.0,1.66,CG,1617073770.0
547,Urusha,54.05,122.9,31.33,67.0,1.0,6.91,RU,1617073770.0
548,Glendive,47.1053,-104.7125,25.0,63.0,75.0,32.21,US,1617073771.0
549,Padang,-0.9492,100.3543,82.4,78.0,40.0,5.75,ID,1617073771.0
551,Philadelphia,39.9523,-75.1638,50.0,43.0,1.0,5.75,US,1617073748.0
552,Morgan City,29.6994,-91.2068,64.4,82.0,40.0,4.61,US,1617073772.0
553,Kirakira,-10.4544,161.9205,85.77,68.0,75.0,7.67,SB,1617073772.0
554,Dillon,34.4166,-79.3712,50.0,76.0,1.0,3.44,US,1617073773.0
555,Albanel,48.8832,-72.4487,14.0,73.0,14.0,10.36,CA,1617073773.0
556,Poum,-20.2333,164.0167,80.02,74.0,80.0,11.54,NC,1617073527.0
558,Coquimbo,-29.9533,-71.3436,55.4,88.0,0.0,3.44,CL,1617073755.0
559,Belmonte,-15.8631,-38.8828,75.2,83.0,20.0,3.44,BR,1617073774.0
560,Sept-Îles,50.2001,-66.3821,19.99,49.0,1.0,21.85,CA,1617073562.0
561,Yinchuan,38.4681,106.2731,59.58,31.0,100.0,9.31,CN,1617073774.0
562,Natal,-5.795,-35.2094,78.8,94.0,40.0,4.61,BR,1617073523.0
563,Kamaishi,39.2667,141.8833,59.0,44.0,0.0,3.44,JP,1617073635.0
564,Gunjur,13.2019,-16.7339,64.4,94.0,0.0,3.44,GM,1617073775.0
565,Orlik,52.5178,99.825,25.77,80.0,100.0,2.17,RU,1617073775.0
566,Tortolì,39.9256,9.6572,48.0,95.0,0.0,3.85,IT,1617073776.0
567,Noyabrsk,63.1994,75.4507,7.45,89.0,100.0,13.06,RU,1617073776.0
568,High Rock,26.6208,-78.2833,73.4,88.0,20.0,4.61,BS,1617073776.0
569,Liuzhou,24.3126,109.3892,82.63,65.0,100.0,11.63,CN,1617073777.0
570,Kayerkan,69.3497,87.7602,-16.33,97.0,92.0,11.63,RU,1617073777.0
571,Rawson,-43.3002,-65.1023,60.75,78.0,7.0,18.19,AR,1617073777.0
572,Al Bardīyah,31.7561,25.0865,55.9,69.0,0.0,10.49,LY,1617073778.0
573,Kendari,-3.945,122.4989,86.83,61.0,100.0,5.73,ID,1617073778.0
574,Omboué,-1.5746,9.2618,76.03,88.0,91.0,2.91,GA,1617073778.0
575,Blagoyevo,63.3667,47.9167,31.32,93.0,100.0,9.93,RU,1617073779.0
576,Ransang,8.9603,117.5828,86.45,65.0,48.0,4.41,PH,1617073779.0
577,Conselheiro Pena,-19.1722,-41.4722,74.97,79.0,9.0,1.41,BR,1617073779.0
578,Jalu,29.0331,21.5482,52.77,69.0,0.0,7.83,LY,1617073780.0
579,Hohhot,40.8106,111.6522,50.0,27.0,0.0,2.24,CN,1617073780.0
580,Gigmoto,13.7796,124.39,84.52,69.0,100.0,8.25,PH,1617073781.0
